comment_id,daily_discussion_date,created,body,parent_id,vader_scores,upvotes,downvotes,author_opinion
du0jznb,Should we do it?,1518225821.0,"I lurk, but I am here.  	  	I think it is a great idea and you should do it. I wish there was a place to have conversations about the alt space that don't occur through rose tinted glasses.  	  	People here are well informed and generally skeptical of the alt space. This is a wealth of knowledge untapped as this space is, as of now, bitcoin only.  	  	The crypto board and general alt boards, as this board often feels, are too cloistered and isolated. Ultimately this closing of the discussion space is bad for everybody.  	  	I want to hear what people have to say in depth about alts, trading alts, and the pros and cons of various coins in a space that isn't dominated by coin evangelists. I think opening this forum to alt discussion would create an informed conversation about the entire scene that would be valuable to everyone.  	  	If these alts are truly scams then having open debate and conversation about them here will reveal that.  	  	If these alts have practical or fiscal application that will be revealed as well.  	  	Let's do it.	  		  	",7wc8tz,"{'neg': 0.083, 'neu': 0.769, 'pos': 0.148, 'compound': 0.928}",131,0,None
du116pm,Should we do it?,1518252864.0,I'd say yes. Let all those alt folks play in here but be really hard and consitent from now on with rule 2 in the main discussion.,7wc8tz,"{'neg': 0.071, 'neu': 0.804, 'pos': 0.124, 'compound': 0.1307}",11,0,None
dtzgcjd,Should we do it?,1518185038.0,"Doing a sort off of CMC, it lists 48.4% of the daily BTC volume is traded against alt-coin pairs.  Discussing altcoin trading relative to BTC does seem relevant and it could be useful to put it all on one, separate daily thread.  Specific pairings that have some particularly relevant daily activity or just the general BTC vs. Altcoins could be located here (As some have observed, money flows in cycles from BTC to Eth to ""high risk"" alts and around at times).		That's not to say unrelated discussion has to be allowed.  No ""Dentacoin is blowing up today, get on the train - CHOOCHOO"" type stuff.		To clarify my position, I am strongly against the ""censorship"" in rBitcoin.  That sub was created to support a technology that was anti-censorship / centralized control.  This sub, was created to help people make money.  Relevant discussion about similar or competing technologies makes sense but has to be limited to real info and not noise.  Mods here should (IMO) be free to get rid of the noise any way they want.  Clarity or guidelines about what you consider ""noise"" can help but wouldn't have to be a hard rule.",7wc8tz,"{'neg': 0.035, 'neu': 0.852, 'pos': 0.113, 'compound': 0.9337}",36,0,None
dtzh0z0,Should we do it?,1518185881.0,I'd like to see the sub stay as is. There are several general crypto subs and every noteworthy alt as its own sub as well. Lets keep bitcoinmarkets about bitcoin. ,7wc8tz,"{'neg': 0.0, 'neu': 0.859, 'pos': 0.141, 'compound': 0.5574}",41,0,None
du21nqk,Should we do it?,1518305266.0,"Trial it? Certainly there should be a thread for any alt/BTC pairs. But I think alt/alt should be trialled. While others have pointed out that there are *other subs* that talk alts, this sub has always attracted a more 'adult' discussion and I think if this culture crossed over to alts there could be a lot of value in it, if only to keep the daily clean...		 (I don't hold/trade any alts FWIW apart from a lil stack of ETH that I hodl)",7wc8tz,"{'neg': 0.0, 'neu': 0.906, 'pos': 0.094, 'compound': 0.765}",6,0,None
du2l9ba,Should we do it?,1518331293.0,"I think not having it is leaving low-hanging fruit.  Lots of incredibly detailed discussions on here that just don't exist on other subreddits.  I know it might have some shills, but the possibility of some turds being turds shouldn't convince us that we shouldn't create this resource.  		Please try it for a week or two, and see how it goes.",7wc8tz,"{'neg': 0.071, 'neu': 0.881, 'pos': 0.048, 'compound': -0.0979}",5,0,None
du75fq4,Should we do it?,1518553979.0,"I would say yes. With btc dominance hanging around 35%, that's a large chunk of the market that has to go to places like ethtrader for discussion.		This would sub still be my #1 choice for daily discussion because of quality over quantity, but I find myself coming here less and less because it's bitcoin only.",7wc8tz,"{'neg': 0.0, 'neu': 0.909, 'pos': 0.091, 'compound': 0.4588}",4,0,Bullish
dtz8lu3,Should we do it?,1518170051.0,"I think rule 2 should still be upheld. This thread could be used to discuss ratio trades and hedges into other coins I guess, but the discussion should still have to be related to bitcoin trading. 		I know some people having been itching for it, but I dont understand the need to discuss AltCoins individually in this sub. I hodl and trade a lot of alts, but if I want to discuss them, I'll go the to appropriate specific subreddit or the general crypto subs. It's not censorship to keep the discussion in line with the subreddits purpose and rules, as much as some people like to cry about it. ",7wc8tz,"{'neg': 0.038, 'neu': 0.918, 'pos': 0.044, 'compound': -0.1154}",30,0,None
dtzkvir,Should we do it?,1518190133.0,"yes.		we are not a cult and we are traders first and foremost.		makes sense having an altcoin discussion daily, considering the traction and number of ppl involved and big money in that space.		am all for it as I hate the other crypto subs which are full of moon kids and noobs, which leads to the daily being inundated with memes and sub-par content.	 ",7wc8tz,"{'neg': 0.055, 'neu': 0.886, 'pos': 0.059, 'compound': -0.1779}",20,0,None
dtzb0tv,Should we do it?,1518176091.0,"This is just going to get filled with altcoin shilling. Do what you wish, but my vote would be ""no thanks"".",7wc8tz,"{'neg': 0.118, 'neu': 0.803, 'pos': 0.078, 'compound': -0.2382}",35,0,None
du0zd0l,Should we do it?,1518248531.0,As long as its trading bitcoin pairs I still see it as bitcoin markets. Wouldn't mind.,7wc8tz,"{'neg': 0.0, 'neu': 1.0, 'pos': 0.0, 'compound': 0.0}",8,0,None
dtzmkyy,Should we do it?,1518191820.0,last time i checked this sub was BITCOIN markets.		there are plenty of other alt coins subreddits for this. PLENTY.,7wc8tz,"{'neg': 0.0, 'neu': 1.0, 'pos': 0.0, 'compound': 0.0}",22,0,Bullish
du07skx,Should we do it?,1518212047.0,"All IMO, a lot of people will disagree.		* If alternatives already exist to discuss other cryptos, is it even necessary to add to the noise?		* The calibre of alt market discussion generally across Reddit is so low,  it's hard to see how a thread here would be any different.		* Shilling will be unavoidable. At best to keep it under control would require absolute non-stop round the clock moderation. Also where do you draw the line about what's a shill, in the less obvious cases?  You're just going to piss people off either way. 		* A big reason why this sub has retained it's overall quality levels (despite what some people say about its decline) is the fact it's stuck with one topic for so long. Better to be great at one thing than mediocre at many.		PS Disclaimer for context: I do hedge alts, so far from megalomaniacal about BTC alone",7wc8tz,"{'neg': 0.087, 'neu': 0.835, 'pos': 0.078, 'compound': 0.3034}",8,0,None
du1ucmo,Should we do it?,1518296609.0,> I dont want people to think I'm being paid by Roger Ver		Sigh,7wc8tz,"{'neg': 0.099, 'neu': 0.812, 'pos': 0.089, 'compound': -0.0315}",7,0,None
dtz9hnw,Should we do it?,1518172344.0,"Yes, let people discuss alt coins if they wish. Be aware of all the shilling by both sides, it's pathetic.",7wc8tz,"{'neg': 0.142, 'neu': 0.651, 'pos': 0.207, 'compound': 0.1779}",11,0,None
dtzdgme,Should we do it?,1518180847.0,"Have you guys considered looking at the broader alt market and analyzing the charts of the stronger coins in the top 25 or so for early indicators of overall crypto market cap movement, potential reversals, etc? ",7wc8tz,"{'neg': 0.0, 'neu': 0.885, 'pos': 0.115, 'compound': 0.5267}",3,0,None
du0goe4,Should we do it?,1518221848.0,"Nothing wrong with altcoin discussion, better to broaden horizon instead of having bitcoin blinders on all day long",7wc8tz,"{'neg': 0.0, 'neu': 0.746, 'pos': 0.254, 'compound': 0.6656}",3,0,None
du175iu,Should we do it?,1518267999.0,"I think it would be a lot of extra work for the mods.  If you do it, I don't think it should be moderated much.  People not interested could simply ignore the thread.  I don't think it is important to have it, but fine with me either way.		I think there are certain themes you would see over and over.  I don't think I would bother to read it because I would tire of having the same discussions.  Namely:		1.  Improving some technical aspect giving an alt coin an advantage, perhaps only temporarily, with respect to speed or fees, does not make it likely to replace Bitcoin for the store of value application.  Decentralization is most important for that role and a centralized project with lower fees or whatever can never replace Bitcoin as digital gold.		2.  It's fine to say ""We are all here to make money."" or ""What does it matter if you can make money?""  But it's simply not true.  Granted, I wouldn't be in bitcoin if I didn't expect it to be profitable, and Bitcoin has completely changed my life financially.  That said, I do not choose to trade things which I believe have no realistic long term prospects even if I am confident I could do it profitably.  I do not choose to deal in scams, even though I could almost certainly make money doing so.  Making money does not make something noble or right.  There are many ways to make money on earth and in these markets and there are quite a few paths to profit that do not interest me at all.		So, in conclusion, I don't think you can realistically include an alt thread that won't be sort of ridiculous to someone who thinks like me.  I mean, if you limited it to only decentralized coins, you wouldn't have any.  If only to coins with actual use cases functioning now, well.... again empty.  If only to those with serious long term likelihood of being in existence in 10 years... uh oh, not many.  So don't try to make it a daily with serious, moderated, credible discussion of alts.  Eliminating that discussion from the Bitcoin daily entirely would be a plus though.  Don't wear out your mods, but possibly allow the new thread for people who really want to talk about that stuff.",7wc8tz,"{'neg': 0.086, 'neu': 0.776, 'pos': 0.138, 'compound': 0.9698}",3,0,None
du1fa5v,Should we do it?,1518279712.0,"Eh, I don't like altcoin discussion, but if this happened then I could just ignore the altcoin thread. I'm okay with it.		The alternative is for it to just clutter up our daily thread.",7wc8tz,"{'neg': 0.133, 'neu': 0.802, 'pos': 0.065, 'compound': -0.3517}",3,0,None
du5fh07,Should we do it?,1518474552.0,"I've stated this in here before, but I'll express it again. I really like having everyone under one roof.		Everyone who visits this sub has some interest in alts, even if that is a negative interest. The total combined crypto space gets generally lumped together in public opinion which means like it or not, we are somewhat tied to the alts.		Furthermore, if you look through their post history, many of this subs top contributors are also regulars in many of the alt subs, which again shows how much of an overlap in interest there is.		Often, one of the main arguments against allowing alt discussion in this sub is that trading subs exist for the alts as well as /r/CryptoMarkets for the combined space. I personally don't have the time, nor inclination to peruse hundreds of trading subs for information, plus needing to hunt down a new sub every-time a new flavor of ETH is released, and the daily on /r/CryptoMarkets has dozens of comments on a good day, it's not exactly a thriving repository of information like this sub.		I think a daily in here dedicated to alt discussion is the perfect way to allow a topic into this sub that most of us want to talk about without letting it take over the entire sub.",7wc8tz,"{'neg': 0.035, 'neu': 0.783, 'pos': 0.183, 'compound': 0.9886}",3,0,Bullish
du5hp5v,Should we do it?,1518476872.0,Alts discussion would be nice ,7wc8tz,"{'neg': 0.0, 'neu': 0.588, 'pos': 0.412, 'compound': 0.4215}",3,0,None
du752jw,Should we do it?,1518553656.0,"This sub has be pure for so long, I am so suspicious why all of a sudden, we need to discuss altcoins? When there are plenty of subs for Alt-coin trading.		Altcoins are nothing new and have been around for several years.  Its always been ok to mention them in relation to something bitcoin specific but to now have a daily alt-coin thread, which over time will morph into alt-coins threads because they will not always get policed is a bad move for this sub.		NO.				",7wc8tz,"{'neg': 0.119, 'neu': 0.863, 'pos': 0.018, 'compound': -0.8798}",3,0,None
du8ynzh,Should we do it?,1518636748.0,"Yes please, want to discuss trading specific alts without getting downvoted to hell.  		A bunch of people here just want to increase their btc stack and alts are perfect for this.  ",7wc8tz,"{'neg': 0.112, 'neu': 0.558, 'pos': 0.33, 'compound': 0.7184}",3,0,None
du1ae4b,Should we do it?,1518273342.0,i vote yes. Altcoins will always be around as long as btc is around. We better get used to them now,7wc8tz,"{'neg': 0.0, 'neu': 0.763, 'pos': 0.237, 'compound': 0.6808}",8,0,Long-term Holder
dtzeykq,Should we do it?,1518183171.0,Please no. This sub is for Bitcoin. ,7wc8tz,"{'neg': 0.232, 'neu': 0.526, 'pos': 0.242, 'compound': 0.0258}",12,0,Long-term Holder
dtzxwci,Should we do it?,1518202390.0,"Yes, as long as the altcoin discussion does not spill over to the bitcoin daily discussion. ",7wc8tz,"{'neg': 0.0, 'neu': 0.847, 'pos': 0.153, 'compound': 0.4019}",5,0,Long-term Holder
du0gwiv,Should we do it?,1518222116.0,"Is this really necessary? This is /r/bitcoinmarkets, not /r/altcoinmarkets. There are already loads of different subs for this type of discussion. Come on.",7wc8tz,"{'neg': 0.0, 'neu': 1.0, 'pos': 0.0, 'compound': 0.0}",7,0,Long-term Holder
dtz7uz7,Should we do it?,1518168133.0,"Oh god, please no. This is /r/bitcoinmarkets for a reason. Alt discussions should and do happen elsewhere. Let's keep this pure and shill-free, since when you allow alt discussions to happen here, the spammers and shillers pour in in the hundreds.",7wc8tz,"{'neg': 0.104, 'neu': 0.759, 'pos': 0.137, 'compound': 0.128}",21,0,Bitcoin Skeptic
dtzcqiz,Should we do it?,1518179586.0,"Since folks worry about shitcoin spam, you could limit it to only established alts. I personally would love to see some ETH, LTC, 	Monero and similar coins in this sub. ",7wc8tz,"{'neg': 0.152, 'neu': 0.73, 'pos': 0.118, 'compound': -0.0516}",5,0,Bullish
dtzzri3,Should we do it?,1518204177.0,Yes altcoin discussion + clamp down harder on low effort posts on the bitcoin thread would improve traffic and quality to the subreddit.,7wc8tz,"{'neg': 0.079, 'neu': 0.712, 'pos': 0.21, 'compound': 0.5423}",5,0,Bullish
du0rmeo,Should we do it?,1518235336.0,"If there is to be another daily added, I think instead of an alt daily there should be some sort of ""serious posts only"" daily. Perhaps a TA only daily where every new comment must contain a link to a chart? Although that prevents talk about fundamentals and tech, which can be valuable. So maybe the filter could be a minimum number of letters or sentences? To prevent short shitposts?		I'm just spit balling here, hopefully that makes sense. I think you get what I'm getting at. The current daily has thousands of comments each day and it's been getting harder and harder to sort through as this sub grows. 		A bit off topic there above, anywho, to the original question regarding an alt daily...I think it's worth trying. Alts are not to be ignored. They have an increasing influence on btc and offer their own trading/investing opportunities. I don't want to see a bunch of threads about alts on the homepage of this sub, but if alt discussion stays in it's daily it would clean things up while providing more crypto related and therefore bitcoin related discussion. ",7wc8tz,"{'neg': 0.013, 'neu': 0.887, 'pos': 0.101, 'compound': 0.8863}",2,0,Bullish
due3xsp,Should we do it?,1518881187.0,"I think it would be helpful -- I'd join.	Loing time btc holder, long time btc redditor.  Ventured into alts (XRP) once and took a beating.  If a good alt sub existed, I would have been much more informed.		Go For It.",7wc8tz,"{'neg': 0.067, 'neu': 0.757, 'pos': 0.176, 'compound': 0.5994}",2,0,None
dug9qgq,Should we do it?,1518977494.0,Ethtrader already has an altcoin daily. I don't think there's enough interest for an additional daily in this sub. Maybe that would've been great 2 years ago instead of banning all discussions. ,7wc8tz,"{'neg': 0.0, 'neu': 0.798, 'pos': 0.202, 'compound': 0.7964}",2,0,None
du0wpyg,Should we do it?,1518243178.0,"Both BTC and BCH have made protocol changes from the original implementation and share a common ledger from the genesis block to 478557. So if you consider BCH as an ""altcoin"" then BTC would be as well.		That said, ignoring other cryptos would do a disservice to traders because the bitcoin market does not operate in a vacuum.",7wc8tz,"{'neg': 0.09, 'neu': 0.804, 'pos': 0.106, 'compound': 0.0}",5,0,Long-term Holder
dtz7zil,Should we do it?,1518168454.0,[deleted],7wc8tz,"{'neg': 0.0, 'neu': 1.0, 'pos': 0.0, 'compound': 0.0}",8,0,None
du0bfxw,Should we do it?,1518215862.0,This isn't altcoinmarkets. ,7wc8tz,"{'neg': 0.0, 'neu': 1.0, 'pos': 0.0, 'compound': 0.0}",4,0,None
dtzf0sd,Should we do it?,1518183260.0,yes why not.  if you don't want to discuss ALT coins then don't click on the link.  and if you don't like alt coin discussion - at least it will keep it all it once place and not in the general discussion ,7wc8tz,"{'neg': 0.076, 'neu': 0.863, 'pos': 0.061, 'compound': 0.0946}",4,0,None
du01klq,Should we do it?,1518205909.0,"It is dangerous to have an altcoin thread, because it could become the most active one and show the inconvenient truth that Bitcoin is fading in significance and relevance.		It seems like many people here live with their head in the sand and there is only Bitcoin and the 1500 ""shitcoins"" and that's it.   So you risk angering them and having them whine like the little babies that they are.		Personally I would like an altcoin thread, but that's just me.",7wc8tz,"{'neg': 0.106, 'neu': 0.776, 'pos': 0.118, 'compound': 0.0066}",4,0,None
du0rnew,Should we do it?,1518235373.0,"I love altcoins, but I have plenty of other subs to visit for opinions on them. Keep it simple, keep it pure. Bitcoin only.",7wc8tz,"{'neg': 0.0, 'neu': 0.89, 'pos': 0.11, 'compound': 0.3818}",2,0,None
du1udot,Should we do it?,1518296642.0,Yes if the mods are up for it. Also at a minimum be able to identify and ban any promotion of outright ponzis like BitConnect.,7wc8tz,"{'neg': 0.121, 'neu': 0.705, 'pos': 0.174, 'compound': 0.1531}",3,0,Bearish
dtzsqtv,Should we do it?,1518197557.0,"My vote is no. I trade lots of alts but don't want to see it in this sub.		And let's be real, adding an alt discussion would bring a huge influx of low quality posters.",7wc8tz,"{'neg': 0.149, 'neu': 0.773, 'pos': 0.079, 'compound': -0.1613}",4,0,Bitcoin Skeptic
du0va59,Should we do it?,1518240732.0,"I would definitely say yes, please.		The primary reason is that altcoins are both competition and a way to diversify for bitcoin traders.  This news is extremely relevant to the purpose of this subreddit.		The secondary reason is an extension of the counter-arguments in this thread, i.e. that *there are many other alternatives, and they are all crap*.  This is an opportunity for the members of this sub to show that altcoin discussion need not be crap.  While not perfect, this is a much better sub than most, and we should lead the way when we can.		Finally, altcoin discussion is bleeding into the sub whether you like it or not, and has been for years (LTC on Gox!).  A dedicated thread for this is the best way to contain/maintain the discussions that people find most relevant.",7wc8tz,"{'neg': 0.02, 'neu': 0.811, 'pos': 0.169, 'compound': 0.9665}",5,0,None
du0ipvx,Should we do it?,1518224278.0,"I agree with having a BCH thread, but not other coins.",7wc8tz,"{'neg': 0.0, 'neu': 0.821, 'pos': 0.179, 'compound': 0.1901}",2,0,None
du1tkqn,Should we do it?,1518295707.0,Yes,7wc8tz,"{'neg': 0.0, 'neu': 0.0, 'pos': 1.0, 'compound': 0.4019}",0,0,None
dtza00i,Should we do it?,1518173641.0,I think this is a good idea. I use this sub as my main info hub for crypto and it would be nice to have a little of altcoin discussion here as well.,7wc8tz,"{'neg': 0.0, 'neu': 0.769, 'pos': 0.231, 'compound': 0.7783}",3,0,None
du1brcv,Should we do it?,1518275255.0,Since bitcoinmarkets has a huge number of subscribers I’d feel that that’s where the most shilling will happen. Now if they’re heavily moderated then actual alt-coin discussions could be useful. At the same time it would be endorsing alts ,7wc8tz,"{'neg': 0.0, 'neu': 0.843, 'pos': 0.157, 'compound': 0.6705}",1,0,None
du6odle,Should we do it?,1518538465.0,"I say yes, but moderate obvious shilling.		Bitcoin is the main cryptocurrency that altcoins seem to follow. The focus the discussion should somewhat pertain to how altcoins may influence the bitcoin markets and vice versa.	",7wc8tz,"{'neg': 0.0, 'neu': 0.947, 'pos': 0.053, 'compound': 0.2144}",1,0,None
du9tx36,Should we do it?,1518670398.0,Yes please!,7wc8tz,"{'neg': 0.0, 'neu': 0.0, 'pos': 1.0, 'compound': 0.6476}",1,0,None
duar4nw,Should we do it?,1518720188.0,I think an Alt discussion thread would be a good idea. I usually lurk the other subreddits and Alt Discussions and don't see why having more opinions and information to digest would be a bad idea.,7wc8tz,"{'neg': 0.142, 'neu': 0.78, 'pos': 0.078, 'compound': -0.34}",1,0,None
duax9sw,Should we do it?,1518725830.0,Yes so I can shill vechain ;),7wc8tz,"{'neg': 0.0, 'neu': 0.465, 'pos': 0.535, 'compound': 0.5574}",1,0,None
dub224k,Should we do it?,1518730261.0,"What are your opinions on the utility of other coins if/when Bitcoin successfully implements Lightning. It seems that many coins (i.e. Litecoin, Dogecoin, BCash, and others with no real “improved features”) offer no real utility other than the fact that when the Bitcoin network is congested, their network may offer a cheaper and faster transaction alternative. I think that “privacy alts” and “utility alts” may have some attractive features, but I feel like they would be affected too.		Basically, if Lightning is successful on Bitcoin, this would seem to have a significant negative outlook for several families of alts.		Not to say there isn’t some kind of utility in having alternatives to Bitcoin, but that seems like  there’s pretty much no reason to use most alts in a world of widespread second layer payment channels. Let me know what you think about how you think successful implementation of Lightning will effect fundamentals for the alts without “improved features”.",7wc8tz,"{'neg': 0.069, 'neu': 0.779, 'pos': 0.153, 'compound': 0.9524}",1,0,Bullish
duedbr0,Should we do it?,1518892513.0,"It'd be nice to have somewhere to direct people to when they start talking about fork coin related topics that don't really have anything to do with BTC. 		Additionally it works well enough for /r/ethtrader , it helps focus the discussion a bit on their daily.",7wc8tz,"{'neg': 0.0, 'neu': 0.845, 'pos': 0.155, 'compound': 0.7579}",1,0,None
duf1oed,Should we do it?,1518921518.0,there definitely is great value in trading alt pairs with btc. its such a great way to accumulate more btc... but every post here on alts gets shut down. ,7wc8tz,"{'neg': 0.0, 'neu': 0.735, 'pos': 0.265, 'compound': 0.7684}",1,0,None
dufbpzx,Should we do it?,1518935272.0,",",7wc8tz,"{'neg': 0.0, 'neu': 0.0, 'pos': 0.0, 'compound': 0.0}",1,0,None
dtzoh0a,Should we do it?,1518193606.0,"I could see a BCH thread but the last thing I want to see on this sub is a zero-quality discussion about VEN and REQ and other dumb shit where all the posts are just ""buy my bags""",7wc8tz,"{'neg': 0.224, 'neu': 0.742, 'pos': 0.035, 'compound': -0.872}",0,0,None
dtzdvu2,Should we do it?,1518181542.0,Unsubbed. Bch please,7wc8tz,"{'neg': 0.0, 'neu': 0.465, 'pos': 0.535, 'compound': 0.3182}",2,0,Bullish
du27j7u,Should we do it?,1518312382.0,Yes. ,7wc8tz,"{'neg': 0.0, 'neu': 0.0, 'pos': 1.0, 'compound': 0.4019}",1,0,Bullish
du0fmo5,Should we do it?,1518220600.0,do you all grab some juice out of the latest BCH pump. looks like is waning down and you might need to wait for the next Ver TV appearance to convert some BCH,7wc8tz,"{'neg': 0.0, 'neu': 0.928, 'pos': 0.072, 'compound': 0.3612}",1,0,None
du1i9lt,Should we do it?,1518283123.0,"An altcoin discussion thread should not be limited to discussing cryptos that are trying to benefit from Bitcoin's brand recognition by including the word ""bitcoin"" in their name. 		I think this thread could help keep shills from polluting other threads.",7wc8tz,"{'neg': 0.0, 'neu': 0.83, 'pos': 0.17, 'compound': 0.7481}",1,0,None
du2dc9r,Should we do it?,1518319630.0,Yes,7wc8tz,"{'neg': 0.0, 'neu': 0.0, 'pos': 1.0, 'compound': 0.4019}",1,0,Bullish
du57iyc,Should we do it?,1518466959.0,No,7wc8tz,"{'neg': 1.0, 'neu': 0.0, 'pos': 0.0, 'compound': -0.296}",1,0,None
du9g0yr,Should we do it?,1518653867.0,"I think some restriction on which tokens can be discussed may be helpful.  I categorize cryptos into two categories:  1) POW coins that are trying to become a global currency (e.g., LTC, XMR, BCH/BCC), and 2) all others (e.g., XRP, ETH).   Coins in the first category are competing directly with Bitcoin for energy resources and adoption.  Coins in the second category compete with Bitcoin for the approval of speculators.  I'd limit discussion of category 2 coins to those in the top 20 of market cap. ",7wc8tz,"{'neg': 0.024, 'neu': 0.865, 'pos': 0.111, 'compound': 0.7717}",1,0,None
du15fa1,Should we do it?,1518264095.0,"I'd be okay with it, but just be upfront about what the discussion really is; call it the ""Daily Altcoin Shilling Thread"" or whatever.",7wc8tz,"{'neg': 0.0, 'neu': 0.941, 'pos': 0.059, 'compound': 0.1154}",0,0,None
du0x3rr,Should we do it?,1518243880.0,"This is called bitcoin market, so no altcoins.",7wc8tz,"{'neg': 0.291, 'neu': 0.709, 'pos': 0.0, 'compound': -0.4341}",0,0,None
du41leq,Should we do it?,1518407167.0,"If you wanted a reason to sell your alts before the impending pain winter, this is it.	",7wc8tz,"{'neg': 0.18, 'neu': 0.82, 'pos': 0.0, 'compound': -0.5106}",0,0,None
due9ndc,Should we do it?,1518888257.0,"No this board needs to keep its integrity and focus, not welcome in what will quickly and inevitably become an alt-shill fest. There will be no isolating altcoin discussion to a containment thread, the user base and culture of /r/bitcoinmarkets will change over time and kill its appeal for me. 		There are already tons of crypto subs people can go to. Those who think this sub can welcome altcoin discussion and still remain what it is are kidding themselves, this sub can easily become what they dislike about other crypto subs.",7wc8tz,"{'neg': 0.16, 'neu': 0.778, 'pos': 0.062, 'compound': -0.8823}",0,0,None
du4lyii,Should we do it?,1518445575.0,"stupid question here 	if the bitcoin falls it is assumed that all the alts coins also fall	so i can deduct the alts coins are cheap, centralized types of copies	God this will fill up scamers like this is full on telegram",7wc8tz,"{'neg': 0.074, 'neu': 0.826, 'pos': 0.1, 'compound': 0.0516}",-1,0,None
du53zmj,Should we do it?,1518463598.0,"I don't want all the altcoin garbage, just the bitcoin chains that are poised to be prominent.		[Enqueue 300-nested-comment-deep argument about whether BCH is more bitcoin than lightning network layers of feces-lasagna ]",7wc8tz,"{'neg': 0.106, 'neu': 0.771, 'pos': 0.123, 'compound': 0.1476}",-2,0,None
du56bkk,Should we do it?,1518465823.0,"Please yes.  Don't make me go to r CryptoCurrency for my alt news, that place is a cesspool. ",du0jznb,"{'neg': 0.0, 'neu': 0.737, 'pos': 0.263, 'compound': 0.6124}",24,0,Long-term Holder
du0rsbb,Should we do it?,1518235557.0,100% agree,du0jznb,"{'neg': 0.0, 'neu': 0.286, 'pos': 0.714, 'compound': 0.3612}",19,0,Bullish
du2qhc8,Should we do it?,1518343608.0,Couldn't agree more.,du0jznb,"{'neg': 0.513, 'neu': 0.487, 'pos': 0.0, 'compound': -0.2755}",7,0,None
duabpg4,Should we do it?,1518704886.0,"Yep, let's do it!",du0jznb,"{'neg': 0.0, 'neu': 0.546, 'pos': 0.454, 'compound': 0.3595}",2,0,Long-term Holder
dtzszuv,Should we do it?,1518197792.0,"Agree with everything you said, and also love the data point about volume.",dtzgcjd,"{'neg': 0.0, 'neu': 0.621, 'pos': 0.379, 'compound': 0.7717}",2,0,Bearish
duabs7z,Should we do it?,1518704978.0,"But it is just one sticky post.  Then mods won't have to remove from bitcoin sticky post.  People will post there anyway.  I just did it a few days ago.  But if we have a specific place for alts, this sub will be more self-governing.",dtzh0z0,"{'neg': 0.0, 'neu': 1.0, 'pos': 0.0, 'compound': 0.0}",7,0,Long-term Holder
du1nxae,Should we do it?,1518289340.0,"Agreed, if people start talking about alts in here every day it’s going to attract the wrong people to this sub, even if it is limited to a specific daily post at first. All the people from r/cryptocurrency will come here, start clogging up the bitcoin discussion with their uninformed opinions and then we’re fucked. ",dtzh0z0,"{'neg': 0.149, 'neu': 0.778, 'pos': 0.073, 'compound': -0.7003}",5,0,None
dulqi4g,Should we do it?,1519231325.0,Bitcoin and fiat. The only alt coin allowed. ,dtzh0z0,"{'neg': 0.0, 'neu': 1.0, 'pos': 0.0, 'compound': 0.0}",1,0,None
du1c3vi,Should we do it?,1518275720.0,"I am for it, if the main focus of the discussion relates to trades that ultimately result in holding more bitcoin",dtz8lu3,"{'neg': 0.0, 'neu': 1.0, 'pos': 0.0, 'compound': 0.0}",3,0,None
dtzsdh9,Should we do it?,1518197214.0,"Where would you suggest drawing the line?  I.e. What if the discussing crosses over into technical comparisons of BTC versus altcoins?  Not trading related, ok, fair enough, but what about fundamentals like tx volume, active address counts, value transferred comparisons?  Those to me directly relate to long term trade evaluations, which is most of the evaluations I'm looking at, I even have spreadsheets on it.  I also think that direct progress/comparisons between LN and Raiden would be highly relevant to that ratio because of the importance of LN for BTC, but that gets into technicals again.		I'm not disagreeing with you, I just think that the line can be hard to define sometimes.  I do agree that alt discussion that doesn't relate or compare to BTC are right out, but since BTC is the king, most discussions start from comparisons anyway.",dtz8lu3,"{'neg': 0.02, 'neu': 0.822, 'pos': 0.158, 'compound': 0.9696}",5,0,Bearish
dtzztd3,Should we do it?,1518204226.0,"/r/ETHInsider isn't bad, good formal discussions. Very lacking in content though.",dtzkvir,"{'neg': 0.169, 'neu': 0.631, 'pos': 0.2, 'compound': 0.1139}",3,0,Bullish
dtzzacc,Should we do it?,1518203724.0,"Can't confirm cultist first, trader second ",dtzkvir,"{'neg': 0.0, 'neu': 1.0, 'pos': 0.0, 'compound': 0.0}",1,0,Long-term Holder
dulqjjk,Should we do it?,1519231358.0,What do you trade Bitcoin with? ,dtzkvir,"{'neg': 0.0, 'neu': 1.0, 'pos': 0.0, 'compound': 0.0}",1,0,None
dtziyzj,Should we do it?,1518188118.0,"I've got to agree. While there may be users who'd contribute decent content and worthwhile discussion, the liklihood of it being an absolute clusterfuck is pretty damn high.	With consistent moderation it could work but I do not envy the poor soul who would accept that poison chalice ",dtzb0tv,"{'neg': 0.11, 'neu': 0.649, 'pos': 0.241, 'compound': 0.7097}",11,0,None
dtzuhox,Should we do it?,1518199179.0,"Shilling would still be against our rules, and those rules would be enforced. We also heavily encourage people to use the downvote and report buttons on low quality content.",dtzb0tv,"{'neg': 0.065, 'neu': 0.833, 'pos': 0.102, 'compound': 0.296}",8,0,None
du17jak,Should we do it?,1518268730.0,[deleted],dtzb0tv,"{'neg': 0.0, 'neu': 1.0, 'pos': 0.0, 'compound': 0.0}",3,0,None
du0a5tf,Should we do it?,1518214491.0,"If it were you should be glad, it's all in one place, and you're not obliged to click the thread.",dtzb0tv,"{'neg': 0.0, 'neu': 0.864, 'pos': 0.136, 'compound': 0.4588}",7,0,Long-term Holder
du5010i,Should we do it?,1518459877.0,I respect the people in this sub way more than any other altcoin sub though. I’d love to be able to bring the same thoughtful discussions about BTC to altcoins. ,dtzmkyy,"{'neg': 0.0, 'neu': 0.724, 'pos': 0.276, 'compound': 0.872}",3,0,None
du1ufsr,Should we do it?,1518296709.0,"sup? yeah because I didnt ban a thread about BitcoinCash right away for rules#2, to gather you guys comment about starting a altcoinDD or not.",du1ucmo,"{'neg': 0.0, 'neu': 0.796, 'pos': 0.204, 'compound': 0.6278}",1,0,Bullish
dua3hhk,Should we do it?,1518690190.0,come check out r/ethinsider,du8ynzh,"{'neg': 0.0, 'neu': 1.0, 'pos': 0.0, 'compound': 0.0}",3,0,Long-term Holder
dtz81rh,Should we do it?,1518168615.0,"We have periodically had Alt coin megathreads, that we have carefully moderated. The same sub rules would apply to the newly suggested threads.		This is a trading sub, not a shilling sub.",dtz7uz7,"{'neg': 0.0, 'neu': 0.951, 'pos': 0.049, 'compound': 0.128}",12,0,None
duabum6,Should we do it?,1518705057.0,It is just one sticky post for alts.  sub still bitcoin related and alt discussion outside of alt sticky post will still be removed,dtz7uz7,"{'neg': 0.0, 'neu': 1.0, 'pos': 0.0, 'compound': 0.0}",2,0,Long-term Holder
dtzc8ju,Should we do it?,1518178635.0,True but this daily could be a sink for everything not directly bitcoin related - i.e. no excuse for posting about some alt in the main daily any more. 		I think there is a role for a daily like this since so often something going on with one of the other alts has trading implications for BTC - e.g. Mr Ver and his BCH shilling. ,dtz7uz7,"{'neg': 0.043, 'neu': 0.854, 'pos': 0.102, 'compound': 0.4215}",1,0,None
dtzdiy9,Should we do it?,1518180954.0,LTC and ETH both have their own strong trading communities on reddit though... I do wish that some of the smaller coins with solid ideas/development teams could see more discussion beyond TO THE MOON speak. I'd be interested in discussing Enigma as I think the chart on that is looking pretty favorable and it will be a coin that benefits from the buzz around second layer applications like Lightning Network being successfully implemented. I also think the chart is showing a strong upside down head and shoulders reversal pattern between 2/1 to 2/9 date range on the 15 or 30 minute charts. ,dtzcqiz,"{'neg': 0.0, 'neu': 0.755, 'pos': 0.245, 'compound': 0.9781}",5,0,None
du17h28,Should we do it?,1518268617.0,"Do you feel the same way about Bitcores, Bitcoin Gold, Bitcoin Diamond, United Bitcoin, Bitcoin Hot, Super Bitcoin, BitcoinX, Oil Bitcoin, ABitcoin, Bitcoin All, Bitcoin Neuro, Bitcoin Pay, Bitcoin World, Lightning Bitcoin, Bitcoin Stake, Bitcoin King, Bitcoin Faith, Bitcoin Wonder, Bitcoin New, Bitcoin Top, Bitcoin God, Bitcoin FILE, Bitcoin Fast, Bitcoin Cash Plus, Bitcoin Segwith 2X X11, Bitcoin Pizza, Bitcoin Nano, Bitcoin Ore, and the MANY other Bitcoin forks which meet the same criteria of sharing a common ledger from the genesis to their fork block (in most cases a later block than the one you mentioned)?  Do you think people promoting these coins should advertise their projects as simply ""Bitcoin""?",du0wpyg,"{'neg': 0.057, 'neu': 0.774, 'pos': 0.169, 'compound': 0.9226}",3,0,None
dtz868g,Should we do it?,1518168929.0,It wont. because we have beautiful posters like you who use the report button and make our life easier as moderators. shills. fuds. will still be hammered. ,dtz7zil,"{'neg': 0.0, 'neu': 0.723, 'pos': 0.277, 'compound': 0.8481}",6,0,Bullish
dtzsap6,Should we do it?,1518197142.0,"You could take that further, why not also have r/catphotos-talk in here too.		After all if you don't like it you can just not click, the fact that this place is called *bitcoinmarkets* shouldn't make a difference. /s",dtzf0sd,"{'neg': 0.055, 'neu': 0.945, 'pos': 0.0, 'compound': -0.2755}",0,0,Long-term Holder
duea8b3,Should we do it?,1518888949.0,"If you have your head stuck in the reddit altcoin echo chamber, filled with its various economic coalitions all dreaming of their coin topping bitcoin so it will turn out that they didn't miss their chance at getting a Lambo afterall.. Then yes it would appear bitcoin is fading in relevance. As for the real world not so much. Of course since my post is ""negative towards"" altcoins you will just say I'm whining, though that standard could easily be applied to you whining about how you can't shill your alt in a bitcoin sub. Hope I'm not risking making you an angry little baby by saying this.",du01klq,"{'neg': 0.12, 'neu': 0.785, 'pos': 0.094, 'compound': -0.4826}",1,0,None
du13382,Should we do it?,1518257845.0,"But who cares what is crap or not, I know some old style bitcoin people are very idealistic but for trading I could not care less about technology ",du0va59,"{'neg': 0.168, 'neu': 0.703, 'pos': 0.129, 'compound': -0.2949}",1,0,None
dtzsepv,Should we do it?,1518197244.0,Why not use /r/bitcoinmarkets+cryptomarket+cryptocurrency instead? It will show all your news in one place.	,dtza00i,"{'neg': 0.0, 'neu': 1.0, 'pos': 0.0, 'compound': 0.0}",4,0,Long-term Holder
dtzqvxc,Should we do it?,1518195821.0,"We wouldn't allow shilling or low quality posts anymore than we do now. Discussion in an alt thread would be expected to adhere to every rule we have here, with the possible exception of #2.",dtzoh0a,"{'neg': 0.102, 'neu': 0.898, 'pos': 0.0, 'compound': -0.4149}",1,0,None
du5462p,Should we do it?,1518463766.0,"Right, no altcoins, just the multiple bitcoin chains until people realize which one is superior.",du0x3rr,"{'neg': 0.118, 'neu': 0.695, 'pos': 0.187, 'compound': 0.3182}",1,0,None
du44fzd,Should we do it?,1518411080.0,I'm interested in your thinking here. Why?,du41leq,"{'neg': 0.0, 'neu': 0.69, 'pos': 0.31, 'compound': 0.4019}",1,0,None
du45f4j,Should we do it?,1518412541.0,Speak now,du41leq,"{'neg': 0.0, 'neu': 1.0, 'pos': 0.0, 'compound': 0.0}",1,0,None
du93g24,Should we do it?,1518641150.0,It's a cesspool partially because it has alt discussion,du56bkk,"{'neg': 0.0, 'neu': 1.0, 'pos': 0.0, 'compound': 0.0}",4,0,Bitcoin Skeptic
du2u6r3,Should we do it?,1518353665.0,"Personally I’d like to see discussion limited to only relevant additional coins, that effectively means BCH and ETH.		ETH is of course the 2nd place coin and has at times come close to toppling BTC as highest valued chain.		BCH is also a major trading coin but crucially its price movements can have a direct impact on BTCs basic functionality via sharing the same miners. On multiple occasions a majority of hashrate has abandoned BTC causing knock on effects to block discovery, congestion, fees etc.		So yeah, BCH and ETH really need to be discussed here. To exclude them would only result in lower information trading.	",du2qhc8,"{'neg': 0.12, 'neu': 0.775, 'pos': 0.105, 'compound': -0.433}",-3,0,None
du6byvh,Should we do it?,1518522231.0,> Attract the wrong kind of people		I think it's too late for that.,du1nxae,"{'neg': 0.199, 'neu': 0.641, 'pos': 0.16, 'compound': -0.1531}",3,0,Bullish
du67f2u,Should we do it?,1518510737.0,you're fucked with the shitty advice you get from the daily anyway.  There's no golden egg goose round these parts - only retards abound,du1nxae,"{'neg': 0.338, 'neu': 0.662, 'pos': 0.0, 'compound': -0.8807}",1,0,None
duetgym,Should we do it?,1518911768.0,So are we allowed to discuss BCH and ETH in the daily discussion thread?,dtzuhox,"{'neg': 0.0, 'neu': 1.0, 'pos': 0.0, 'compound': 0.0}",1,0,None
du1zo1d,Should we do it?,1518302905.0,Do you honestly think it will just magically stop getting posted in the daily just because another thread exists? That is wishful thinking.,du17jak,"{'neg': 0.084, 'neu': 0.802, 'pos': 0.115, 'compound': 0.2023}",1,0,None
du1ul7u,Should we do it?,1518296881.0,"I get it, I think it's silly people think this.",du1ufsr,"{'neg': 0.0, 'neu': 0.864, 'pos': 0.136, 'compound': 0.0258}",4,0,None
dtz8k6g,Should we do it?,1518169934.0,[deleted],dtz81rh,"{'neg': 0.0, 'neu': 1.0, 'pos': 0.0, 'compound': 0.0}",11,0,None
dtzecez,Should we do it?,1518182262.0,"I guess my point is that I'd like to have a few more coins discussed in this sub so that you can actually hear alternative sides of the story. Coin specific subs tend to be very skewed. And some of the other subs feel like kindergarten so I rarely, if ever, even read their content. I just don't see a sub that allows discussing multiple coins, but isn't complete junk.",dtzdiy9,"{'neg': 0.0, 'neu': 0.947, 'pos': 0.053, 'compound': 0.3612}",4,0,Bullish
du1syua,Should we do it?,1518295004.0,"And herein lies the problem. It's not my business to wade into the community politics as a mod of a *trading* sub. Every time I have to remove an otherwise decent quality post just because they mention BCH it feels like I'm censoring discussion in a political way.		OTOH, we can't just pick one of the forks and allow discussion of that, but not the rest. All altcoins or nothing seem like the most reasonable options to me.",du17h28,"{'neg': 0.047, 'neu': 0.871, 'pos': 0.081, 'compound': 0.4019}",5,0,None
dtzc9ib,Should we do it?,1518178687.0,"That works if there is an active/responsive enough mod team. If the last months are any indication, I doubt that's the case here.",dtz868g,"{'neg': 0.106, 'neu': 0.894, 'pos': 0.0, 'compound': -0.3612}",6,0,None
dtzdmx7,Should we do it?,1518181140.0,"I think there is certainly no harm in trialling AltcoinDD threads for a week and see how it goes. Obviously shilling is annoying and spammy and will have to be strongly policed by the community. 		It would be interesting to have an alts DD on r/bitcoinmarkets though I'm in two minds about still enforcing rule 2: to enforce it would keep conversation rooted/related to bitcoin, which in my eyes is a good thing, however that does limit the conversation. To not enforce rule 2 widens the conversation to areas that may not necessarily be relevant to bitcoin but still interesting, however it also opens the door to ""x-coin gonna pump soon"" or ""what coin to buy?"" posts, errghh. 		All in all I would personally be OK with an AltcoinDD thread, give it a go and see how it does, if it's annoying after a week/month/day/whatever then get rid. Thanks for putting out the suggestion! 		",dtz868g,"{'neg': 0.056, 'neu': 0.83, 'pos': 0.114, 'compound': 0.8552}",2,0,None
dtz8fzy,Should we do it?,1518169630.0,[deleted],dtz868g,"{'neg': 0.0, 'neu': 1.0, 'pos': 0.0, 'compound': 0.0}",2,0,None
dtzu831,Should we do it?,1518198930.0,"yeah kinda... but cat photos are not relevant in the least.  trading cryptocoins for the ultimate purpose of increasing your bitcoin is relevant. especially since people are generally trading the BTC ratio. the markets are directly linked.		that's kind of like the argument ""gays should't marry, what's next, marrying cats??"" I think we are capable of distinguishing crypto vs cats, and humans vs cats.",dtzsap6,"{'neg': 0.046, 'neu': 0.838, 'pos': 0.116, 'compound': 0.6021}",2,0,None
dueagzw,Should we do it?,1518889234.0,> could easily be applied to you whining about how you can't shill your alt in a bitcoin sub		Your reading comprehension is shit.  You have my pity.,duea8b3,"{'neg': 0.24, 'neu': 0.685, 'pos': 0.075, 'compound': -0.6486}",1,0,None
du1sn09,Should we do it?,1518294624.0,"OP was referring to the places to discuss altcoins, not the coins themselves. ",du13382,"{'neg': 0.0, 'neu': 1.0, 'pos': 0.0, 'compound': 0.0}",2,0,None
du17l6b,Should we do it?,1518268826.0,"Can you really not understand why someone might not want to deal in what you are even calling ""crap""?  Even if profitable?  If you could make a little more money selling worthless snake oil than actual medicine, but you could make more money than you could ever spend either way in a fairly short period of time, would the obvious choice to you be to sell snake oil?",du13382,"{'neg': 0.054, 'neu': 0.917, 'pos': 0.028, 'compound': -0.1981}",1,0,None
du1lypc,Should we do it?,1518287166.0,"> But who cares what is crap or not		I do, and many others in this sub.  Since, you don't care, how about not caring somewhere else?",du13382,"{'neg': 0.247, 'neu': 0.659, 'pos': 0.094, 'compound': -0.5935}",1,0,None
dtzxw2s,Should we do it?,1518202382.0,I didn't know this was possible :),dtzsepv,"{'neg': 0.0, 'neu': 0.625, 'pos': 0.375, 'compound': 0.4588}",2,0,None
du96v0b,Should we do it?,1518644276.0,So does this place... ,du93g24,"{'neg': 0.0, 'neu': 1.0, 'pos': 0.0, 'compound': 0.0}",3,0,Long-term Holder
du3sfs7,Should we do it?,1518395999.0,"The problem is determining which coins are ""relevant"" and keeping current on that. As a mod, making such a subjective decision and dealing with all of the arguments it will result in is not appealing.",du2u6r3,"{'neg': 0.148, 'neu': 0.852, 'pos': 0.0, 'compound': -0.6597}",15,0,None
du2vtu8,Should we do it?,1518357129.0,"I would prefer a greater variety, including the core coins (BTC, ETH, LTC), enterprise (XRP, etc), usable tx currencies (Dash, etc), anonymous (XRM, Zcash), IoT (IOTA) ... basically, the top CMC coins with focus on trading.",du2u6r3,"{'neg': 0.0, 'neu': 0.82, 'pos': 0.18, 'compound': 0.7003}",3,0,None
du6gn7p,Should we do it?,1518530029.0,"If I understand the OP; 		> Rule #2 will still apply everywhere BUT inside the AltcoinDD thread.		means that BTC/ALT can still be discussed to a limited extent in the BTC DD thread as long as it relates to BTC trading. Which is invaluable as people aren't always trading fiat pairs. 		Anecdotally the main regularly traded pairs seem to be ETH, and BCH (and I guess LTC and USDT to some extent). 		If that is the case then;	1) it's partially covered in the BTC DD; and	2) censoring the conversation from the outset imposes fixed limits which would likely come about organically just by market cap and volume. ",du2u6r3,"{'neg': 0.037, 'neu': 0.963, 'pos': 0.0, 'compound': -0.4497}",1,0,None
du2jbed,Should we do it?,1518327877.0,"It gets posted in the daily now. I'd guess about half of what I delete is dealing with alts. I can't imagine it getting worse, especially if people have an actual place to talk about it on this sub.",du1zo1d,"{'neg': 0.079, 'neu': 0.921, 'pos': 0.0, 'compound': -0.4767}",1,0,None
du1unsv,Should we do it?,1518296964.0,"So, even after this, I still removed the thread but start this one to gather comments.",du1ul7u,"{'neg': 0.0, 'neu': 1.0, 'pos': 0.0, 'compound': 0.0}",1,0,Bullish
dtzqe3c,Should we do it?,1518195367.0,The conversations would be curated to their own threads. It wouldn't be a blanket allowance.		Exactly how many subs have you been in that started with bitcoin trading talk only and branched out?,dtz8k6g,"{'neg': 0.0, 'neu': 1.0, 'pos': 0.0, 'compound': 0.0}",3,0,None
dtzsieu,Should we do it?,1518197340.0,"Discussions don't have to turn into shilling, especially not of those discussions must still relate to BTC somehow, which I think is a solid rule that should stay.",dtz8k6g,"{'neg': 0.0, 'neu': 0.94, 'pos': 0.06, 'compound': 0.1531}",3,0,Bearish
dtzb7ur,Should we do it?,1518176532.0,"This time it's different^^TM		No altcoins, PLEASE.",dtz8k6g,"{'neg': 0.215, 'neu': 0.489, 'pos': 0.296, 'compound': 0.2103}",1,0,Bitcoin Skeptic
dtzez8y,Should we do it?,1518183199.0,"Interesting thought.... Yeah I mean there are only a handful of subs that I feel like I'm getting high quality discussion in regards to crypto, bitcoin, altcoins... I wish that crypto had a /r/financialindependence type sub where people with higher level questions who are pretty invested in the crypto space could have discussions. Instead of the crypto currency sub daily thread where all the questions are either shilling a coin or asking how to trade without getting verified etc. ",dtzecez,"{'neg': 0.0, 'neu': 0.836, 'pos': 0.164, 'compound': 0.9062}",4,0,None
dtzsx7n,Should we do it?,1518197722.0,"Personally I don't think x-coin gonna pump soon should be allowed, ever.  Even statements that btc/usd is gonna pump soon don't actually contribute anything, so those don't even need an altcoin rule for removal.",dtzdmx7,"{'neg': 0.0, 'neu': 1.0, 'pos': 0.0, 'compound': 0.0}",2,0,Bearish
dtzssuf,Should we do it?,1518197609.0,"That's not why many people visit this sub.		They visit it because it is balanced, moderate, mostly rational, and not censored(but still moderated).  And assholes seem to get banned, or at least I don't see many of them here.		Bitcoin's future is inextricably tied to altcoins at this point, like it or not.  It's relevant for trading decisions.		I'm assuming that the mods- and all of us- will be putting a stop to blatant shilling that doesn't relate to bitcoin trading in some way.  If we do that, there's no reason this place would become worse.",dtz8fzy,"{'neg': 0.136, 'neu': 0.84, 'pos': 0.024, 'compound': -0.8957}",5,0,Bearish
dtzw167,Should we do it?,1518200626.0,Why can't altcoin traders talk in the other altcoin subreddits that already exist?		What if we added r/lambos and r/fastcars since many people seem to ultimately aiming for one of those.,dtzu831,"{'neg': 0.0, 'neu': 1.0, 'pos': 0.0, 'compound': 0.0}",2,0,Long-term Holder
dueasyu,Should we do it?,1518889621.0,"You weren't really shilling in that post, but I have no reason to expect you wouldn't in the future given your parroting of the meme ""old man bitcoin is dying"". Crypto discussion is almost 100% psych / meme warfare, and you used manipulative language so why would I assume you are any different than the altcoiners I speak with in the innumerable altcoin discussion pens outside of this sub.		Even with a containment thread there would be an influx of shills (that the mods would valiantly fight against at first), until the standards would slowly slip and the culture irrevocably changed. Totally unnecessary when you can get your altcoin discussion elsewhere. 		",dueagzw,"{'neg': 0.08, 'neu': 0.92, 'pos': 0.0, 'compound': -0.8402}",1,0,None
du1bu2r,Should we do it?,1518275356.0,I can understand but from trading perspective you need to avoid those feeling,du17l6b,"{'neg': 0.192, 'neu': 0.687, 'pos': 0.12, 'compound': -0.2617}",2,0,None
du1nrwt,Should we do it?,1518289174.0,Markets don't care		But whatever not many want to trade here anyway ,du1lypc,"{'neg': 0.278, 'neu': 0.722, 'pos': 0.0, 'compound': -0.431}",2,0,None
du06cv3,Should we do it?,1518210593.0,Note to use r/CryptoMarkets (with an s) the singular version linked to above is different,dtzxw2s,"{'neg': 0.0, 'neu': 1.0, 'pos': 0.0, 'compound': 0.0}",2,0,None
du987q9,Should we do it?,1518645508.0,So that's why there is a thread about whether or not we should allow alt discussion.... because it's already allowed?,du96v0b,"{'neg': 0.085, 'neu': 0.915, 'pos': 0.0, 'compound': -0.1695}",2,0,Bitcoin Skeptic
du4048z,Should we do it?,1518405285.0,"No need to hurry.   	  	Start with the coins at the top of the market cap list and open them up to discussion as a daily thread.  	  	Open a thread over the weekends/bimonthly for discussion of any other coins that might deserve inclusion in the daily-alt, other coins with novel uses, reasons why coins in the daily-alt should be removed from the daily, etc.  	  	Adjust as needed.	  	Alternative idea for posterity: Create a token, issue all interested users one or two or a few, and have a vote on the chain to determine which coins people are interested in.  	  	You can please some people all of the time, you can please all of the people some of the time, but you can't please all of the people all of the time.",du3sfs7,"{'neg': 0.012, 'neu': 0.878, 'pos': 0.11, 'compound': 0.8381}",2,0,None
du6hkwl,Should we do it?,1518531226.0,"100% agree.		IMO it makes more sense to have less restrictive rules and let the thread play itself out over a set period of say 1month, with an interim review at 2wks. 		Being strict and encouraging contributors to help police the *""No memes or low effort content"" rule* seems like the best course. The beauty of the BTC DD rules are that they are a framework of concepts that can easily be applied without being ultra-specific and codified. ",du3sfs7,"{'neg': 0.023, 'neu': 0.72, 'pos': 0.257, 'compound': 0.9674}",1,0,None
du3shgl,Should we do it?,1518396054.0,"> basically, the top CMC coins with focus on trading.		That might be doable.",du2vtu8,"{'neg': 0.0, 'neu': 0.87, 'pos': 0.13, 'compound': 0.2023}",1,0,None
duea9dy,Should we do it?,1518888987.0,"No what I meant was we will not allow Altcoin discussion outside of the AltcoinDD, all altcoins comments will have to be posted inside the AltcoinDD, the BitcoinDD should remain free of altcoins comments so is the rest of the subreddit.",du6gn7p,"{'neg': 0.088, 'neu': 0.838, 'pos': 0.075, 'compound': 0.1114}",1,0,Bullish
du1v2fw,Should we do it?,1518297449.0,"I support that.		I think I might join in on the daily alt threads btw, assuming you start having them. But I have no more comment than what's already been said here, it looks all covered.",du1unsv,"{'neg': 0.061, 'neu': 0.803, 'pos': 0.136, 'compound': 0.4019}",1,0,None
dtzf1dl,Should we do it?,1518183283.0,Agreed!,dtzez8y,"{'neg': 0.0, 'neu': 0.0, 'pos': 1.0, 'compound': 0.3382}",1,0,Bullish
du2o1s6,Should we do it?,1518337358.0,Why can't gays marry in the countries where they are already allowed to marry?		/s,dtzw167,"{'neg': 0.0, 'neu': 1.0, 'pos': 0.0, 'compound': 0.0}",2,0,Long-term Holder
dueavb9,Should we do it?,1518889697.0,"> You weren't shilling in that post, but I have no reason to expect you wouldn't in the future.		Your brain's ability to think logically is shit.  You have my pity.",dueasyu,"{'neg': 0.273, 'neu': 0.65, 'pos': 0.077, 'compound': -0.8201}",0,0,None
du98mlz,Should we do it?,1518645900.0,"Am I mistaken or has bitcoin cash and ethereum been discussed here on this sub in one way or another pretty much daily, hourly?  Rhetorical question by the way, been here for years and that's how it is as you well know.   I don't see people getting banned for mentioning alts like they are in r CryptoCurrency for mentioning the wrong alt.		Turning a blind  eye to the code and all people use to discuss alts is allowing it, lol.  It's been here for years now. ",du987q9,"{'neg': 0.118, 'neu': 0.772, 'pos': 0.111, 'compound': -0.1779}",2,0,Long-term Holder
du9do97,Should we do it?,1518651197.0,"Have you seen the altcoin discussion on r/ethtrader or the daily on r/cryptocurrency? Half the posts are ""shill me on XXX"" or shilling some random coin",du98mlz,"{'neg': 0.0, 'neu': 1.0, 'pos': 0.0, 'compound': 0.0}",3,0,Bitcoin Skeptic
du9e066,Should we do it?,1518651572.0,"You won't get me to disagree with you there my man.  My point is, ideally we need to be able to discuss altcoins, as they are obviously a huge market - and they are linked with bitcoin in one way or another, regarding price movement, fundamentals, etc.  But how do we do so without becoming /r/CryptoCurrency ?  Maybe it's impossible, but if so, it'll be to all of our detriment since we won't be able to discuss things that are affecting bitcoin.",du9do97,"{'neg': 0.022, 'neu': 0.934, 'pos': 0.044, 'compound': 0.1901}",4,0,Long-term Holder
du9gyjm,Should we do it?,1518654951.0,"I do find myself wishing ""aw man, I wish I could have this sub, but be able to discuss altcoins"" but I think that you can't have your cake and eat it too. People have too much to gain by manipulating altcoin prices and I really don't think this sub could survive in the current state if it were to happen",du9e066,"{'neg': 0.051, 'neu': 0.823, 'pos': 0.125, 'compound': 0.5647}",1,0,Bitcoin Skeptic
